"q,lambda_q,lambda_typodist_q"
0,1.0,0
10,0.020536894151018417,3.0385196823181632e-06
100,0.045536913333592173,2.4553703728431483e-07
1000,0.11299376903966357,7.5360517224896903e-15
10000,0.22297136225891534,2.31297388744976e-22
