"q,lambda_q,secloss"
10,0.027934273219508185,-0.0083704942036872468
100,0.056984351325850266,-0.02707686525383585
1000,0.12889699750607819,-0.068083673621198479
10000,0.27439403964435188,-0.155049898011522
100000,0.66960821545605098,-0.43270522000936773
